asset_key,category,status,source_file,exchange_file,source_sha256,exchange_sha256,map_version,owner,notes
map_exhibition,map,planned,,,,,,,새 전시용 맵; 식별자와 파일명 미확정
building_department_store_v2,building,received,unity/Assets/department_store_v2/SIMUS_Department_Store_v2.blend,unity/Assets/department_store_v2/SIMUS_Department_Store_v2.glb,f46360ef1bd0d85c3aeba167244d37f15ac60e9353bd95ad8a9b2d6be2f7dd59,c7b500d3e4f3fd09b38bafa0849db5be82913ae5a314aa1605db9e2e6e39c96d,,,백화점 후보; 새 맵 배치·축 변환·성능 미승인
character_LAWFUL_GOOD,character,planned,,,,,,,전방 +Z; 발바닥 원점; 목표 키 1.7m
character_LAWFUL_NEUTRAL,character,planned,,,,,,,전방 +Z; 발바닥 원점; 목표 키 1.7m
character_LAWFUL_EVIL,character,planned,,,,,,,전방 +Z; 발바닥 원점; 목표 키 1.7m
character_NEUTRAL_GOOD,character,planned,,,,,,,전방 +Z; 발바닥 원점; 목표 키 1.7m
character_TRUE_NEUTRAL,character,planned,,,,,,,전방 +Z; 발바닥 원점; 목표 키 1.7m
character_NEUTRAL_EVIL,character,planned,,,,,,,전방 +Z; 발바닥 원점; 목표 키 1.7m
character_CHAOTIC_GOOD,character,planned,,,,,,,전방 +Z; 발바닥 원점; 목표 키 1.7m
character_CHAOTIC_NEUTRAL,character,planned,,,,,,,전방 +Z; 발바닥 원점; 목표 키 1.7m
character_CHAOTIC_EVIL,character,planned,,,,,,,전방 +Z; 발바닥 원점; 목표 키 1.7m
city_happiness_low,city_state,planned,,,,,,,행복 낮음; 상태 간 원점·크기 일치
city_happiness_base,city_state,planned,,,,,,,행복 기본; 상태 간 원점·크기 일치
city_happiness_high,city_state,planned,,,,,,,행복 높음; 상태 간 원점·크기 일치
city_safety_low,city_state,planned,,,,,,,치안 낮음; 상태 간 원점·크기 일치
city_safety_base,city_state,planned,,,,,,,치안 기본; 상태 간 원점·크기 일치
city_safety_high,city_state,planned,,,,,,,치안 높음; 상태 간 원점·크기 일치
city_cleanliness_low,city_state,planned,,,,,,,청결 낮음; 상태 간 원점·크기 일치
city_cleanliness_base,city_state,planned,,,,,,,청결 기본; 상태 간 원점·크기 일치
city_cleanliness_high,city_state,planned,,,,,,,청결 높음; 상태 간 원점·크기 일치
city_pollution_low,city_state,planned,,,,,,,오염 낮음; 상태 간 원점·크기 일치
city_pollution_base,city_state,planned,,,,,,,오염 기본; 상태 간 원점·크기 일치
city_pollution_high,city_state,planned,,,,,,,오염 높음; 상태 간 원점·크기 일치
candidate_building_plot_simus_building_plot_30x24,buildings,received,assets/library/buildings/building_plot/source/SIMUS_Building_Plot_30x24.blend,assets/library/buildings/building_plot/exports/SIMUS_Building_Plot_30x24.glb,838747c6948c8a7ac265a5188ddfa6d74050c3725b9029b9a292d075ed55274a,b6cac5f0499f89335187257a292efa380b9cf4d3aab36d3605aced2127272fe3,,,접수 후보; 전시 채택·규격 미승인; 파일 안내: assets/library/buildings/building_plot/README.md
candidate_convenience_store_simus_convenience_store,buildings,received,assets/library/buildings/convenience_store/source/SIMUS_Convenience_Store.blend,assets/library/buildings/convenience_store/exports/SIMUS_Convenience_Store.glb,fa3b143dd4169aa34856b1557332a65befadf3b10732794fe0e5cb4b370fd31b,6c6bd571800501313834322602aff7095dad767916a69505efd93d34c4e25fca,,,접수 후보; 전시 채택·규격 미승인; 파일 안내: assets/library/buildings/convenience_store/README.md
candidate_department_store_simus_department_store,buildings,received,assets/library/buildings/department_store/source/SIMUS_Department_Store.blend,assets/library/buildings/department_store/exports/SIMUS_Department_Store.glb,c31e161acf89d6428cfe6e66c3793737baf2f0547281c9749e93f79a2d2bc08f,6c805f80e34c9f2ae9ae48e0f8b099bba3abbfd491eead77b918308bb4e746d2,,,접수 후보; 전시 채택·규격 미승인; 파일 안내: assets/library/buildings/department_store/README.md
candidate_korean_guide_signs_simus_kguide_boundary,props,received,assets/library/props/korean_guide_signs/source/SIMUS_Korean_Guide_Signs.blend,assets/library/props/korean_guide_signs/exports/SIMUS_KGuide_Boundary.glb,63a120821ecd3121acbab283fe65cfd70cb05d11729cd2537045f820b68a2e70,9cf555ff0c2fc3a9398d1065135724156fa2ced372a498d483d23787fbea09fb,,,접수 후보; 전시 채택·규격 미승인; 파일 안내: assets/library/props/korean_guide_signs/README.md
candidate_korean_guide_signs_simus_kguide_direction,props,received,assets/library/props/korean_guide_signs/source/SIMUS_Korean_Guide_Signs.blend,assets/library/props/korean_guide_signs/exports/SIMUS_KGuide_Direction.glb,63a120821ecd3121acbab283fe65cfd70cb05d11729cd2537045f820b68a2e70,f2b0043960375175ef25ad474f8e71ef8835f45e0b9ec94d490f7224bead7fff,,,접수 후보; 전시 채택·규격 미승인; 파일 안내: assets/library/props/korean_guide_signs/README.md
candidate_korean_guide_signs_simus_kguide_distance,props,received,assets/library/props/korean_guide_signs/source/SIMUS_Korean_Guide_Signs.blend,assets/library/props/korean_guide_signs/exports/SIMUS_KGuide_Distance.glb,63a120821ecd3121acbab283fe65cfd70cb05d11729cd2537045f820b68a2e70,e9415d33188d9da27d939696406d388ad72d38248663f0cf4c0ca6568e6cddcd,,,접수 후보; 전시 채택·규격 미승인; 파일 안내: assets/library/props/korean_guide_signs/README.md
candidate_korean_guide_signs_simus_kguide_gantry,props,received,assets/library/props/korean_guide_signs/source/SIMUS_Korean_Guide_Signs.blend,assets/library/props/korean_guide_signs/exports/SIMUS_KGuide_Gantry.glb,63a120821ecd3121acbab283fe65cfd70cb05d11729cd2537045f820b68a2e70,fd7a6a6ecc95d3f991b572ce4730a5a276eb69170fe77aee9d60f387e1ee053c,,,접수 후보; 전시 채택·규격 미승인; 파일 안내: assets/library/props/korean_guide_signs/README.md
candidate_korean_guide_signs_simus_kguide_junction,props,received,assets/library/props/korean_guide_signs/source/SIMUS_Korean_Guide_Signs.blend,assets/library/props/korean_guide_signs/exports/SIMUS_KGuide_Junction.glb,63a120821ecd3121acbab283fe65cfd70cb05d11729cd2537045f820b68a2e70,e4ac57230e6352335560479f9e38a25c144b5a86499d15a063a09c33edb96625,,,접수 후보; 전시 채택·규격 미승인; 파일 안내: assets/library/props/korean_guide_signs/README.md
candidate_road_signs_simus_sign_crosswalk,props,received,assets/library/props/road_signs/source/SIMUS_Sign_Crosswalk.blend,assets/library/props/road_signs/exports/SIMUS_Sign_Crosswalk.glb,1e7d8649e0a41f2f4c623dbb21d98960aa1f9fd6bd215cfa72526af73c7ecb45,29e1363018d8152a12b40004e0cbeccd79d6820b14ce0ac7c88ae214a23b36d3,,,접수 후보; 전시 채택·규격 미승인; 파일 안내: assets/library/props/road_signs/README.md
candidate_road_signs_simus_sign_noentry,props,received,assets/library/props/road_signs/source/SIMUS_Sign_NoEntry.blend,assets/library/props/road_signs/exports/SIMUS_Sign_NoEntry.glb,7a45b97f622db93b10eccd5eceafb951fa793548a357be01703a95e2057eb4dc,52d5e3d81316c1ed837298eacd5031c86b1917f0849e7b4ad9c04024025f62c9,,,접수 후보; 전시 채택·규격 미승인; 파일 안내: assets/library/props/road_signs/README.md
candidate_road_signs_simus_sign_oneway,props,received,assets/library/props/road_signs/source/SIMUS_Sign_OneWay.blend,assets/library/props/road_signs/exports/SIMUS_Sign_OneWay.glb,c80511398db7363a98a8ee35d01fcc9cceeeeded204d834fea997f4cbf59dd1b,6c42c0855cdc47e63de13abf70e5597fb19592674970a7bab33fcee092ec8714,,,접수 후보; 전시 채택·규격 미승인; 파일 안내: assets/library/props/road_signs/README.md
candidate_road_signs_simus_sign_parking,props,received,assets/library/props/road_signs/source/SIMUS_Sign_Parking.blend,assets/library/props/road_signs/exports/SIMUS_Sign_Parking.glb,16df45dda3c976918298f591a0d2e43601facd45d10b2202e79f23a5b27bb8a6,5699cac80cd6949604d7b867a7b5a668b403c40321f4b88f82a729d65c06292c,,,접수 후보; 전시 채택·규격 미승인; 파일 안내: assets/library/props/road_signs/README.md
candidate_road_signs_simus_sign_speed30,props,received,assets/library/props/road_signs/source/SIMUS_Sign_Speed30.blend,assets/library/props/road_signs/exports/SIMUS_Sign_Speed30.glb,fb4416cd7c810a653a2c572a82604367f763dd2aace8f9d1ce69b39bb98b9c65,8ee7372d39595af5dce68aa61d72be0c8abe2158878f53014fed5710e8c5485e,,,접수 후보; 전시 채택·규격 미승인; 파일 안내: assets/library/props/road_signs/README.md
candidate_road_signs_simus_sign_stop,props,received,assets/library/props/road_signs/source/SIMUS_Sign_Stop.blend,assets/library/props/road_signs/exports/SIMUS_Sign_Stop.glb,3cd690d0765b8d0916efc51300eab19988d7909232eceae15802cd91c62083a1,113d875bafbf694bc0ca68b9e21d114a0ee2ca03a29e7d7e874b9c6453010fd2,,,접수 후보; 전시 채택·규격 미승인; 파일 안내: assets/library/props/road_signs/README.md
candidate_streetlight_simus_streetlight_6m,props,received,assets/library/props/streetlight/source/SIMUS_Streetlight_6m.blend,assets/library/props/streetlight/exports/SIMUS_Streetlight_6m.glb,3bb112147f8d3cbf4219234b2e8d24a6c97a1306437775bf06833f5ec24e6273,363f32457c33e27dc9637cca042cd2214fd0412a694904f67c41ec7040c3016b,,,접수 후보; 전시 채택·규격 미승인; 파일 안내: assets/library/props/streetlight/README.md
candidate_traffic_light_simus_traffic_light_amber,props,received,assets/library/props/traffic_light/source/SIMUS_Traffic_Light.blend,assets/library/props/traffic_light/exports/SIMUS_Traffic_Light_Amber.glb,eb4fa0a076d4267b12ca2decfaeb4720929b36389b2b8b19e9226fe2eb25fd44,f6d31f367fe8a01f2ef3417c97b32a6c1e627b70bede12814eeec346afb93e28,,,접수 후보; 전시 채택·규격 미승인; 파일 안내: assets/library/props/traffic_light/README.md
candidate_traffic_light_simus_traffic_light_green,props,received,assets/library/props/traffic_light/source/SIMUS_Traffic_Light.blend,assets/library/props/traffic_light/exports/SIMUS_Traffic_Light_Green.glb,eb4fa0a076d4267b12ca2decfaeb4720929b36389b2b8b19e9226fe2eb25fd44,160d4c04e308ea9357dcad595ef742e21b7e0993d32dd033cde2a4c56a5ae9bb,,,접수 후보; 전시 채택·규격 미승인; 파일 안내: assets/library/props/traffic_light/README.md
candidate_traffic_light_simus_traffic_light_red,props,received,assets/library/props/traffic_light/source/SIMUS_Traffic_Light.blend,assets/library/props/traffic_light/exports/SIMUS_Traffic_Light_Red.glb,eb4fa0a076d4267b12ca2decfaeb4720929b36389b2b8b19e9226fe2eb25fd44,e096c59438646614db8eb4febec5abc3f72af9dda9f2546c3ddde64c41dff6e5,,,접수 후보; 전시 채택·규격 미승인; 파일 안내: assets/library/props/traffic_light/README.md
candidate_parking_lot_simus_parking_lot_16,roads,received,assets/library/roads/parking_lot/source/SIMUS_Parking_Lot_16.blend,assets/library/roads/parking_lot/exports/SIMUS_Parking_Lot_16.glb,921060e2785b09d7181904e4fd8835c0b6f87935f4d98339507b3efce8680b20,e2f90667ef8c4f9e94e66a826fc748de775cb18a074f45357547bb53b8053e06,,,접수 후보; 전시 채택·규격 미승인; 파일 안내: assets/library/roads/parking_lot/README.md
candidate_road_corner_simus_road_corner_90,roads,received,assets/library/roads/road_corner/source/SIMUS_Road_Corner_90.blend,assets/library/roads/road_corner/exports/SIMUS_Road_Corner_90.glb,274116279eba377240888ff1508ecc2c4d9e99fa66960f65c47c4eef4a4f2d3c,6502056f41ae5cd192ba45cb50a481ce3a033ff703adfcb594caef2a56370fa5,,,접수 후보; 전시 채택·규격 미승인; 파일 안내: assets/library/roads/road_corner/README.md
candidate_road_crossroad_simus_road_crossroad_15m,roads,received,assets/library/roads/road_crossroad/source/SIMUS_Road_Crossroad_15m.blend,assets/library/roads/road_crossroad/exports/SIMUS_Road_Crossroad_15m.glb,6fe77645e71a7aa2cf75d18411f13f12c39b7aa69ccc562c95a7b277f71c4c55,e809031e447813ff31f95c5b667350a31ed7087d3e8aa8eb701063c41d2b8cac,,,접수 후보; 전시 채택·규격 미승인; 파일 안내: assets/library/roads/road_crossroad/README.md
candidate_road_straight_simus_road_straight_10m,roads,received,assets/library/roads/road_straight/source/SIMUS_Road_Straight_10m.blend,assets/library/roads/road_straight/exports/SIMUS_Road_Straight_10m.glb,c90f858e2c2394732b886456e1e353c56a2917fb90b0cd925788529ca66753ec,30e7fb7fb57ac8c6eddb57b3cf901a0149740b95e17ec8e7eb677e93a2f32272,,,접수 후보; 전시 채택·규격 미승인; 파일 안내: assets/library/roads/road_straight/README.md
candidate_street_landscape_simus_bench,vegetation,received,assets/library/vegetation/street_landscape/source/SIMUS_Street_Landscape_Collection.blend,assets/library/vegetation/street_landscape/exports/SIMUS_Bench.glb,956d7c0a4fad5c1e152764c5dd09322ac620ad0603513e160fda78ad27b925d9,46ad4309f72fa09c8e72ddabf9d5eab42bc769d4b46f9a68c1cbd0fc28af977a,,,접수 후보; 전시 채택·규격 미승인; 파일 안내: assets/library/vegetation/street_landscape/README.md
candidate_street_landscape_simus_cherry,vegetation,received,assets/library/vegetation/street_landscape/source/SIMUS_Street_Landscape_Collection.blend,assets/library/vegetation/street_landscape/exports/SIMUS_Cherry.glb,956d7c0a4fad5c1e152764c5dd09322ac620ad0603513e160fda78ad27b925d9,5330df879e45638040a1a976fd5e090844c913ff120091fe15439ba956541115,,,접수 후보; 전시 채택·규격 미승인; 파일 안내: assets/library/vegetation/street_landscape/README.md
candidate_street_landscape_simus_flowerbed,vegetation,received,assets/library/vegetation/street_landscape/source/SIMUS_Street_Landscape_Collection.blend,assets/library/vegetation/street_landscape/exports/SIMUS_Flowerbed.glb,956d7c0a4fad5c1e152764c5dd09322ac620ad0603513e160fda78ad27b925d9,e4d24cc70acd3ae39e25eb816f8ff6d2a9676f6c6af63f0405500ab42dba6365,,,접수 후보; 전시 채택·규격 미승인; 파일 안내: assets/library/vegetation/street_landscape/README.md
candidate_street_landscape_simus_fringetree,vegetation,received,assets/library/vegetation/street_landscape/source/SIMUS_Street_Landscape_Collection.blend,assets/library/vegetation/street_landscape/exports/SIMUS_FringeTree.glb,956d7c0a4fad5c1e152764c5dd09322ac620ad0603513e160fda78ad27b925d9,e9d39eba673274ea852013a91567fa3f098d15206386d90aeced80acc52e0a0b,,,접수 후보; 전시 채택·규격 미승인; 파일 안내: assets/library/vegetation/street_landscape/README.md
candidate_street_landscape_simus_ginkgo_autumn,vegetation,received,assets/library/vegetation/street_landscape/source/SIMUS_Street_Landscape_Collection.blend,assets/library/vegetation/street_landscape/exports/SIMUS_Ginkgo_Autumn.glb,956d7c0a4fad5c1e152764c5dd09322ac620ad0603513e160fda78ad27b925d9,94ae81016a4d23a99e148839903078764174d280eb5fbe6b9d50206e0b9750c4,,,접수 후보; 전시 채택·규격 미승인; 파일 안내: assets/library/vegetation/street_landscape/README.md
candidate_street_landscape_simus_ginkgo_green,vegetation,received,assets/library/vegetation/street_landscape/source/SIMUS_Street_Landscape_Collection.blend,assets/library/vegetation/street_landscape/exports/SIMUS_Ginkgo_Green.glb,956d7c0a4fad5c1e152764c5dd09322ac620ad0603513e160fda78ad27b925d9,66987ff2651c75bdc2652eabed725519c5667b4a904ae12fb41883219cb25e80,,,접수 후보; 전시 채택·규격 미승인; 파일 안내: assets/library/vegetation/street_landscape/README.md
candidate_street_landscape_simus_metasequoia,vegetation,received,assets/library/vegetation/street_landscape/source/SIMUS_Street_Landscape_Collection.blend,assets/library/vegetation/street_landscape/exports/SIMUS_Metasequoia.glb,956d7c0a4fad5c1e152764c5dd09322ac620ad0603513e160fda78ad27b925d9,2d749bd1b43350ec202f22aeac30dcb0e7beb687f46e60753276a221bfb0aff3,,,접수 후보; 전시 채택·규격 미승인; 파일 안내: assets/library/vegetation/street_landscape/README.md
candidate_street_landscape_simus_trashbin,vegetation,received,assets/library/vegetation/street_landscape/source/SIMUS_Street_Landscape_Collection.blend,assets/library/vegetation/street_landscape/exports/SIMUS_TrashBin.glb,956d7c0a4fad5c1e152764c5dd09322ac620ad0603513e160fda78ad27b925d9,47108a1135ef194f97aef16c498edb9d51a8cb75cf0e449d2aa5d2869eee0981,,,접수 후보; 전시 채택·규격 미승인; 파일 안내: assets/library/vegetation/street_landscape/README.md
candidate_street_landscape_simus_zelkova,vegetation,received,assets/library/vegetation/street_landscape/source/SIMUS_Street_Landscape_Collection.blend,assets/library/vegetation/street_landscape/exports/SIMUS_Zelkova.glb,956d7c0a4fad5c1e152764c5dd09322ac620ad0603513e160fda78ad27b925d9,9467d7b1ff912d64ffd63e623885aa6f3e2a83a9096ca346012718570242c6d3,,,접수 후보; 전시 채택·규격 미승인; 파일 안내: assets/library/vegetation/street_landscape/README.md
